상품명,상품 가격,상품 링크
국내산 일판란 (30구/특란),"5,480원",/item/itemView.ssg?itemId=0000007150833&siteNo=6001&salestrNo=2034&tildSrchwd=계란&srchPgNo=1&src_area=ssglist
우리집 신선계란 30개입 대란,"5,301원",/item/itemView.ssg?itemId=2097000780009&siteNo=7009&salestrNo=2449&tildSrchwd=계란&srchPgNo=1&src_area=ssglist
난이생생 15개입(1020g) 왕란,"3,980원",/item/itemView.ssg?itemId=0000007452329&siteNo=6001&salestrNo=2034&tildSrchwd=계란&srchPgNo=1&src_area=ssglist
[풀무원] 1등급 계란_15개입 (대란),"5,480원",/item/itemView.ssg?itemId=1000034671742&siteNo=6001&salestrNo=2034&tildSrchwd=계란&srchPgNo=1&src_area=ssglist
우리집 신선계란 30개입 특란,"5,990원",/item/itemView.ssg?itemId=2097000779997&siteNo=7009&salestrNo=2449&tildSrchwd=계란&srchPgNo=1&src_area=ssglist
1등급란 15개입 대란,"3,980원",/item/itemView.ssg?itemId=0000007303499&siteNo=6001&salestrNo=2034&tildSrchwd=계란&srchPgNo=1&src_area=ssglist
우리집 신선계란 15개입 왕란,"3,980원",/item/itemView.ssg?itemId=2097000780016&siteNo=7009&salestrNo=2449&tildSrchwd=계란&srchPgNo=1&src_area=ssglist
1등급 신선가득달걀_대란 780g(15개입),"5,580원",/item/itemView.ssg?itemId=2097000821979&siteNo=7009&salestrNo=2449&tildSrchwd=계란&srchPgNo=1&src_area=ssglist
어린닭이 낳은 계란 30개입,"4,384원",/item/itemView.ssg?itemId=2097000759470&siteNo=7009&salestrNo=2449&tildSrchwd=계란&srchPgNo=1&src_area=ssglist
동물복지 유정란 780g(15개입/대란),"6,480원",/item/itemView.ssg?itemId=0000008642235&siteNo=6001&salestrNo=2034&tildSrchwd=계란&srchPgNo=1&src_area=ssglist
친환경 햇달걀 25개입,"4,224원",/item/itemView.ssg?itemId=2097000842684&siteNo=7009&salestrNo=2449&tildSrchwd=계란&srchPgNo=1&src_area=ssglist
동물복지 유정란 15개입 대란,"6,480원",/item/itemView.ssg?itemId=2097000758299&siteNo=7009&salestrNo=2449&tildSrchwd=계란&srchPgNo=1&src_area=ssglist
1+등급란 10개입 특란,"2,980원",/item/itemView.ssg?itemId=1000039874879&siteNo=6001&salestrNo=2034&tildSrchwd=계란&srchPgNo=1&src_area=ssglist
동물복지유정란 25개입 대란,"8,980원",/item/itemView.ssg?itemId=1000039284117&siteNo=6001&salestrNo=2034&tildSrchwd=계란&srchPgNo=1&src_area=ssglist
[하림]친환경영양란 25개입,"5,235원",/item/itemView.ssg?itemId=2097000810720&siteNo=7009&salestrNo=2449&tildSrchwd=계란&srchPgNo=1&src_area=ssglist
의성마늘 먹고낳은  1등급계란 15개입(대란),"3,980원",/item/itemView.ssg?itemId=0000007150066&siteNo=6001&salestrNo=2034&tildSrchwd=계란&srchPgNo=1&src_area=ssglist
우리집 신선계란 10개입 특란,"2,780원",/item/itemView.ssg?itemId=2097000779881&siteNo=7009&salestrNo=2449&tildSrchwd=계란&srchPgNo=1&src_area=ssglist
[하림]동물복지유정란 15개입(780g),"5,584원",/item/itemView.ssg?itemId=2097000269283&siteNo=7009&salestrNo=2449&tildSrchwd=계란&srchPgNo=1&src_area=ssglist
동물복지 자유방목유정란 520g(10개입/대란),"4,980원",/item/itemView.ssg?itemId=1000023736855&siteNo=6001&salestrNo=2034&tildSrchwd=계란&srchPgNo=1&src_area=ssglist
[가농] 1+등급 계란_10개입 (왕란),"2,980원",/item/itemView.ssg?itemId=1000040511938&siteNo=6001&salestrNo=2034&tildSrchwd=계란&srchPgNo=1&src_area=ssglist
하얀계란 312g(6개입/대란),"1,880원",/item/itemView.ssg?itemId=1000028764415&siteNo=6001&salestrNo=2034&tildSrchwd=계란&srchPgNo=1&src_area=ssglist
동물복지 유정란 30개입 대란,"11,980원",/item/itemView.ssg?itemId=2097000758305&siteNo=7009&salestrNo=2449&tildSrchwd=계란&srchPgNo=1&src_area=ssglist
[가농] 냉장고에 바로 넣는 1+등급 계란_20입 (특란),"5,480원",/item/itemView.ssg?itemId=1000043094927&siteNo=6001&salestrNo=2034&tildSrchwd=계란&srchPgNo=1&src_area=ssglist
청국장 먹고낳은 1등급 계란 15개입(대란),"3,980원",/item/itemView.ssg?itemId=0000007274690&siteNo=6001&salestrNo=2034&tildSrchwd=계란&srchPgNo=1&src_area=ssglist
[피코크] 더 노란 통통란 15입(1+등급 특란),"5,480원",/item/itemView.ssg?itemId=1000019727278&siteNo=6001&salestrNo=2034&tildSrchwd=계란&srchPgNo=1&src_area=ssglist
목초분말먹고 낳은 1등급 계란15개입,"3,980원",/item/itemView.ssg?itemId=0000007479645&siteNo=6001&salestrNo=2034&tildSrchwd=계란&srchPgNo=1&src_area=ssglist
동물복지인증 받은 유정란(15입),"4,980원",/item/itemView.ssg?itemId=1000015049547&siteNo=6001&salestrNo=2034&tildSrchwd=계란&srchPgNo=1&src_area=ssglist
동물복지 유정란 10개입 대란,"4,580원",/item/itemView.ssg?itemId=2097000758282&siteNo=7009&salestrNo=2449&tildSrchwd=계란&srchPgNo=1&src_area=ssglist
우리집 계란 완결판 24개입 대란,"4,400원",/item/itemView.ssg?itemId=2097000855936&siteNo=7009&salestrNo=2449&tildSrchwd=계란&srchPgNo=1&src_area=ssglist
[피코크] 더 노란 통통란 10입(1+등급 특란),"3,880원",/item/itemView.ssg?itemId=1000019727279&siteNo=6001&salestrNo=2034&tildSrchwd=계란&srchPgNo=1&src_area=ssglist
하얀계란 6개입 대란,"1,880원",/item/itemView.ssg?itemId=2097000759579&siteNo=7009&salestrNo=2449&tildSrchwd=계란&srchPgNo=1&src_area=ssglist
동물복지 자유방목 유정란 6개입,"3,180원",/item/itemView.ssg?itemId=2097000758329&siteNo=7009&salestrNo=2449&tildSrchwd=계란&srchPgNo=1&src_area=ssglist
영양란 30개입 특란,"7,480원",/item/itemView.ssg?itemId=2097000758398&siteNo=7009&salestrNo=2449&tildSrchwd=계란&srchPgNo=1&src_area=ssglist
 1등급계란 15구,"4,980원",/item/itemView.ssg?itemId=2097000750880&siteNo=7009&salestrNo=2449&tildSrchwd=계란&srchPgNo=1&src_area=ssglist
반숙이랑도란도란 500g(50g*10개입),"4,480원",/item/itemView.ssg?itemId=1000013083111&siteNo=6001&salestrNo=2034&tildSrchwd=계란&srchPgNo=1&src_area=ssglist
1등급란 15개입 대란,"3,980원",/item/itemView.ssg?itemId=2097000759623&siteNo=7009&salestrNo=2449&tildSrchwd=계란&srchPgNo=1&src_area=ssglist
1등급란 6개입 대란,"1,780원",/item/itemView.ssg?itemId=2097000759593&siteNo=7009&salestrNo=2449&tildSrchwd=계란&srchPgNo=1&src_area=ssglist
CJ 계란이왔어요 780g(15개입),"5,480원",/item/itemView.ssg?itemId=1000024639502&siteNo=6001&salestrNo=2034&tildSrchwd=계란&srchPgNo=1&src_area=ssglist
동물복지인증 받은 유정란(10입),"4,780원",/item/itemView.ssg?itemId=0000008735172&siteNo=6001&salestrNo=2034&tildSrchwd=계란&srchPgNo=1&src_area=ssglist
우리집 신선계란 15개입 대란,"3,780원",/item/itemView.ssg?itemId=2097000759524&siteNo=7009&salestrNo=2449&tildSrchwd=계란&srchPgNo=1&src_area=ssglist
상하농원 순백색 동물복지 유정란,"6,480원",/item/itemView.ssg?itemId=1000027275373&siteNo=6001&salestrNo=2034&tildSrchwd=계란&srchPgNo=1&src_area=ssglist
1등급란 10개입 특란,"2,920원",/item/itemView.ssg?itemId=2097000759616&siteNo=7009&salestrNo=2449&tildSrchwd=계란&srchPgNo=1&src_area=ssglist
우리집 계란 특별판 24개입 특란,"4,980원",/item/itemView.ssg?itemId=2097000855981&siteNo=7009&salestrNo=2449&tildSrchwd=계란&srchPgNo=1&src_area=ssglist
친환경 1등급 계란 25개입,"7,480원",/item/itemView.ssg?itemId=2097000830223&siteNo=7009&salestrNo=2449&tildSrchwd=계란&srchPgNo=1&src_area=ssglist
상하농원 노른자가 진하고 맛있는 영양란 10구,"3,880원",/item/itemView.ssg?itemId=1000027275512&siteNo=6001&salestrNo=2034&tildSrchwd=계란&srchPgNo=1&src_area=ssglist
동물복지 새하얀 유정란 15개입,"6,980원",/item/itemView.ssg?itemId=2097000832890&siteNo=7009&salestrNo=2449&tildSrchwd=계란&srchPgNo=1&src_area=ssglist
우리집버섯야채계란말이 150g,"2,480원",/item/itemView.ssg?itemId=2097000876528&siteNo=7009&salestrNo=2449&tildSrchwd=계란&srchPgNo=1&src_area=ssglist
영양란 12개입 특란,"3,440원",/item/itemView.ssg?itemId=2097000758350&siteNo=7009&salestrNo=2449&tildSrchwd=계란&srchPgNo=1&src_area=ssglist
제주1등급 333계란,"4,280원",/item/itemView.ssg?itemId=2097000828329&siteNo=7009&salestrNo=2449&tildSrchwd=계란&srchPgNo=1&src_area=ssglist
1+등급란 10개입 대란,"3,020원",/item/itemView.ssg?itemId=2097000759630&siteNo=7009&salestrNo=2449&tildSrchwd=계란&srchPgNo=1&src_area=ssglist
우리집 신선계란 6개입 왕란,"1,980원",/item/itemView.ssg?itemId=2097000759487&siteNo=7009&salestrNo=2449&tildSrchwd=계란&srchPgNo=1&src_area=ssglist
우리집김계란말이 150g,"2,480원",/item/itemView.ssg?itemId=2097000876580&siteNo=7009&salestrNo=2449&tildSrchwd=계란&srchPgNo=1&src_area=ssglist
더반수란 4개입 176g,"1,386원",/item/itemView.ssg?itemId=2097000876610&siteNo=7009&salestrNo=2449&tildSrchwd=계란&srchPgNo=1&src_area=ssglist
더반수란 10개입 440g,"4,990원",/item/itemView.ssg?itemId=2097000876627&siteNo=7009&salestrNo=2449&tildSrchwd=계란&srchPgNo=1&src_area=ssglist
우리집야채계란말이 150g,"1,736원",/item/itemView.ssg?itemId=2097000876573&siteNo=7009&salestrNo=2449&tildSrchwd=계란&srchPgNo=1&src_area=ssglist
영양란 18개입 대란,"4,580원",/item/itemView.ssg?itemId=2097000758374&siteNo=7009&salestrNo=2449&tildSrchwd=계란&srchPgNo=1&src_area=ssglist
쫄깃한 맥반석 구운계란 60알(30알X2판),"15,500원",/item/itemView.ssg?itemId=1000027881028&siteNo=6004&salestrNo=6005&tildSrchwd=계란&srchPgNo=1&src_area=ssglist
우리집김밥용지단 330g,"2,786원",/item/itemView.ssg?itemId=2097000876603&siteNo=7009&salestrNo=2449&tildSrchwd=계란&srchPgNo=1&src_area=ssglist
행복한 닭이 낳은 동물복지유정란 20구,"7,150원",/item/itemView.ssg?itemId=1000027499127&siteNo=6004&salestrNo=6005&tildSrchwd=계란&srchPgNo=1&src_area=ssglist
1+등급 자연애란 대란(20구),"5,650원",/item/itemView.ssg?itemId=1000027499149&siteNo=6004&salestrNo=6005&tildSrchwd=계란&srchPgNo=1&src_area=ssglist
아산맑은 반숙란 30개입,"8,900원",/item/itemView.ssg?itemId=1000015027276&siteNo=6004&salestrNo=6005&tildSrchwd=계란&srchPgNo=1&src_area=ssglist
유기농 꼬마유정란(10입),"6,080원",/item/itemView.ssg?itemId=0000007643258&siteNo=6001&salestrNo=2034&tildSrchwd=계란&srchPgNo=1&src_area=ssglist
유기농 유정왕란(10입),"6,780원",/item/itemView.ssg?itemId=0000007508707&siteNo=6001&salestrNo=2034&tildSrchwd=계란&srchPgNo=1&src_area=ssglist
가농 금계란 비타민E 1+등급 특란 40알,"13,800원",/item/itemView.ssg?itemId=1000034697692&siteNo=6004&salestrNo=6005&tildSrchwd=계란&srchPgNo=1&src_area=ssglist
[에그코리아]친환경인증 무항생제 영양특란 15구+15구,"11,500원",/item/itemView.ssg?itemId=1000039020316&siteNo=6004&salestrNo=6005&tildSrchwd=계란&srchPgNo=1&src_area=ssglist
정직한구운란20구,"7,650원",/item/itemView.ssg?itemId=1000027392875&siteNo=6004&salestrNo=6005&tildSrchwd=계란&srchPgNo=1&src_area=ssglist
가농금계란 초란 1+등급 40알,"16,800원",/item/itemView.ssg?itemId=1000035413202&siteNo=6004&salestrNo=6005&tildSrchwd=계란&srchPgNo=1&src_area=ssglist
무항생제 계란으로 만든 반숙란 30알,"9,900원",/item/itemView.ssg?itemId=1000032842416&siteNo=6004&salestrNo=6005&tildSrchwd=계란&srchPgNo=1&src_area=ssglist
가농금계란 DHA 오메가3 1+등급 특란 40알,"19,800원",/item/itemView.ssg?itemId=1000034690033&siteNo=6004&salestrNo=6005&tildSrchwd=계란&srchPgNo=1&src_area=ssglist
유현종 농부의 무항생제 유정란 30구,"16,500원",/item/itemView.ssg?itemId=1000028511994&siteNo=6004&salestrNo=6005&tildSrchwd=계란&srchPgNo=1&src_area=ssglist
동물복지유정란 20구,"9,900원",/item/itemView.ssg?itemId=1000043064558&siteNo=6004&salestrNo=6005&tildSrchwd=계란&srchPgNo=1&src_area=ssglist
반숙이 20구,"9,400원",/item/itemView.ssg?itemId=1000027401096&siteNo=6004&salestrNo=6005&tildSrchwd=계란&srchPgNo=1&src_area=ssglist
 동물복지 무항생제 유정란 52g x 40구,"22,900원",/item/itemView.ssg?itemId=1000040366195&siteNo=6004&salestrNo=6005&tildSrchwd=계란&srchPgNo=1&src_area=ssglist
정직한훈제란20구,"9,650원",/item/itemView.ssg?itemId=1000027401076&siteNo=6004&salestrNo=6005&tildSrchwd=계란&srchPgNo=1&src_area=ssglist
하얀계란 15개입 대란,"3,024원",/item/itemView.ssg?itemId=2097000759586&siteNo=7009&salestrNo=2449&tildSrchwd=계란&srchPgNo=1&src_area=ssglist
"[정상가 5,280원] 알찬란_30개입 (대란)","3,980원",/item/itemView.ssg?itemId=0000007676774&siteNo=6001&salestrNo=2034&tildSrchwd=계란&srchPgNo=1&src_area=ssglist
하얀계란 15개입(780g) 대란,"3,980원",/item/itemView.ssg?itemId=0000008840284&siteNo=6001&salestrNo=2034&tildSrchwd=계란&srchPgNo=1&src_area=ssglist
가농 1+등급란 24개입 특란,"5,980원",/item/itemView.ssg?itemId=1000035722368&siteNo=7009&salestrNo=2449&tildSrchwd=계란&srchPgNo=1&src_area=ssglist
[피코크] 더 노란 통통란 10입(1+등급 특란),"3,880원",/item/itemView.ssg?itemId=1000019727279&siteNo=7009&salestrNo=2449&tildSrchwd=계란&srchPgNo=1&src_area=ssglist
상하농원 순백색동물복지유정란 15구,"9,180원",/item/itemView.ssg?itemId=2097000850405&siteNo=7009&salestrNo=2449&tildSrchwd=계란&srchPgNo=1&src_area=ssglist
